employee_id,last_name,first_name,manager,status,valid_thru,days_remaining
E057,Artz,Darcia,"McIntyre, Kathryn E",LAPSED,09/2026,-46
E025,Anglin,Ava,"McIntyre, Kathryn E",LAPSED,10/2026,-15
E096,Barner,Holly,"Hemenway, Bryan A",NEVER_VERIFIED,,
E085,Barrett,David,"Hemenway, Bryan A",NEVER_VERIFIED,,
E061,Barts,Jennifer,"Gjeltema, Kimberly K",NEVER_VERIFIED,,
E008,Bautista,David,"McIntyre, Kathryn E",NEVER_VERIFIED,,
E040,Bennett,Vince,"McIntyre, Kathryn E",NEVER_VERIFIED,,
E064,Bigda,Emily,"Gjeltema, Kimberly K",NEVER_VERIFIED,,
E007,Bockstanz,Chelsea,"McIntyre, Kathryn E",NEVER_VERIFIED,,
E001,Brege,Adam,"McIntyre, Kathryn E",NEVER_VERIFIED,,
E010,Brege,Adam,"McIntyre, Kathryn E",NEVER_VERIFIED,,
E091,Brink,Madison,"Blomeling, Tonya",NEVER_VERIFIED,,
E101,Broker,Kayla,"Hemenway, Bryan A",NEVER_VERIFIED,,
E060,Brown,Josilyn,"Gjeltema, Kimberly K",NEVER_VERIFIED,,
E014,Bryant,Jamie,"McIntyre, Kathryn E",NEVER_VERIFIED,,
E047,Bryant,Mikayla,"McIntyre, Kathryn E",NEVER_VERIFIED,,
E069,Budd,Kristie,"Gjeltema, Kimberly K",NEVER_VERIFIED,,
E088,Busick,Christina,"Hemenway, Bryan A",NEVER_VERIFIED,,
E035,Cahoon,Samantha,"McIntyre, Kathryn E",NEVER_VERIFIED,,
E012,Cook,Amie,"McIntyre, Kathryn E",NEVER_VERIFIED,,
E093,Covell,Darren,"Blomeling, Tonya",NEVER_VERIFIED,,
E042,Cybulski,Andrew,"McIntyre, Kathryn E",NEVER_VERIFIED,,
E075,Dennis,Denise,"Davison, Christianna E",NEVER_VERIFIED,,
E016,Dodd,Christine,"McIntyre, Kathryn E",NEVER_VERIFIED,,
E046,Doorlag,Adam,"McIntyre, Kathryn E",NEVER_VERIFIED,,
E067,Dougherty,Rachel,"Gjeltema, Kimberly K",NEVER_VERIFIED,,
E029,Dziepak,Paul,"McIntyre, Kathryn E",NEVER_VERIFIED,,
E002,Eikelboom,Glenn,"McIntyre, Kathryn E",NEVER_VERIFIED,,
E078,Evans,Suzanne,"Davison, Christianna E",NEVER_VERIFIED,,
E034,Feltner,Jessica,"McIntyre, Kathryn E",NEVER_VERIFIED,,
E081,Fischer,Krystal,"Davison, Christianna E",NEVER_VERIFIED,,
E013,Flickinger-Glieden,Erica,"McIntyre, Kathryn E",NEVER_VERIFIED,,
E095,French,Sharon,"Blomeling, Tonya",NEVER_VERIFIED,,
E062,Gallagher,Christopher,"Gjeltema, Kimberly K",NEVER_VERIFIED,,
E082,Gawkowski,Rebecca,"Davison, Christianna E",NEVER_VERIFIED,,
E094,Gorniewicz,Molly,"Blomeling, Tonya",NEVER_VERIFIED,,
E100,Guise,Robert,"Blomeling, Tonya",NEVER_VERIFIED,,
E086,Gustafson,John,"Hemenway, Bryan A",NEVER_VERIFIED,,
E011,Hamilton,Sharon,"McIntyre, Kathryn E",NEVER_VERIFIED,,
E030,Harper,Benjamin,"McIntyre, Kathryn E",NEVER_VERIFIED,,
E048,Harris,Julia,"McIntyre, Kathryn E",NEVER_VERIFIED,,
E054,Hayward,Kayla,"McIntyre, Kathryn E",NEVER_VERIFIED,,
E087,Hilton,Chris,"Hemenway, Bryan A",NEVER_VERIFIED,,
E056,Hulce,Cheri,"McIntyre, Kathryn E",NEVER_VERIFIED,,
E015,Inman,Jodi,"McIntyre, Kathryn E",NEVER_VERIFIED,,
E063,Janssen,Angela,"Gjeltema, Kimberly K",NEVER_VERIFIED,,
E076,Johnston,Dominique,"Davison, Christianna E",NEVER_VERIFIED,,
E092,Juarez,Natalie,"Blomeling, Tonya",NEVER_VERIFIED,,
E066,Kalas,Alicia,"Gjeltema, Kimberly K",NEVER_VERIFIED,,
E079,Kelly,Mary Beth,"Davison, Christianna E",NEVER_VERIFIED,,
E044,Klinger,Kristen,"McIntyre, Kathryn E",NEVER_VERIFIED,,
E043,Kotrba,Shannon,"McIntyre, Kathryn E",NEVER_VERIFIED,,
E072,Lambrix,Paul,"Gjeltema, Kimberly K",NEVER_VERIFIED,,
E049,Lipps,Jennifer,"McIntyre, Kathryn E",NEVER_VERIFIED,,
E031,Little,Zachary,"McIntyre, Kathryn E",NEVER_VERIFIED,,
E098,MacRitchie,Laurie,"Blomeling, Tonya",NEVER_VERIFIED,,
E023,Mardeusz,Lexington,"McIntyre, Kathryn E",NEVER_VERIFIED,,
E090,Masarira,Lawrence,"Blomeling, Tonya",NEVER_VERIFIED,,
E050,McDonald,Scott,"McIntyre, Kathryn E",NEVER_VERIFIED,,
E017,Mize,James,"McIntyre, Kathryn E",NEVER_VERIFIED,,
E074,Morey,Macee,"Davison, Christianna E",NEVER_VERIFIED,,
E027,Mueller,Jaynie,"McIntyre, Kathryn E",NEVER_VERIFIED,,
E084,Murray,Erin,"Hemenway, Bryan A",NEVER_VERIFIED,,
E077,Ogden,Heather,"Davison, Christianna E",NEVER_VERIFIED,,
E026,Orns,Haylee,"McIntyre, Kathryn E",NEVER_VERIFIED,,
E052,Paddock,Bailey,"McIntyre, Kathryn E",NEVER_VERIFIED,,
E051,Patton,Matthew,"McIntyre, Kathryn E",NEVER_VERIFIED,,
E073,Ramey,Gregory,"Davison, Christianna E",NEVER_VERIFIED,,
E070,Ramey,Poppaea,"Gjeltema, Kimberly K",NEVER_VERIFIED,,
E009,Rhoten,Samantha,"McIntyre, Kathryn E",NEVER_VERIFIED,,
E028,Robertson,Jeramy,"McIntyre, Kathryn E",NEVER_VERIFIED,,
E055,Rolon,Kimberlee,"McIntyre, Kathryn E",NEVER_VERIFIED,,
E045,Sabel,Delaney,"McIntyre, Kathryn E",NEVER_VERIFIED,,
E022,Sagmoe,Peter,"McIntyre, Kathryn E",NEVER_VERIFIED,,
E083,Salisbury,Ami,"Davison, Christianna E",NEVER_VERIFIED,,
E037,Sang,Absak-Cer-Chin,"McIntyre, Kathryn E",NEVER_VERIFIED,,
E039,Schanz,Kelly,"McIntyre, Kathryn E",NEVER_VERIFIED,,
E097,Schut,Sierra,"Blomeling, Tonya",NEVER_VERIFIED,,
E071,Smith,Noelle,"Gjeltema, Kimberly K",NEVER_VERIFIED,,
E036,Smith,Tamara,"McIntyre, Kathryn E",NEVER_VERIFIED,,
E099,Smith,Tyler,"Blomeling, Tonya",NEVER_VERIFIED,,
E004,Snider,Erin,"McIntyre, Kathryn E",NEVER_VERIFIED,,
E021,Spears,Angela,"McIntyre, Kathryn E",NEVER_VERIFIED,,
E005,Squires,Jennifer,"McIntyre, Kathryn E",NEVER_VERIFIED,,
E019,Stahl,Janet,"McIntyre, Kathryn E",NEVER_VERIFIED,,
E041,Stiles,Cheyenne,"McIntyre, Kathryn E",NEVER_VERIFIED,,
E003,Swerer-Shroll,Michael,"McIntyre, Kathryn E",NEVER_VERIFIED,,
E053,VanOsdol,Hana,"McIntyre, Kathryn E",NEVER_VERIFIED,,
E018,Vander Stel,Cameron,"McIntyre, Kathryn E",NEVER_VERIFIED,,
E080,Vaughn,Stephanie,"Davison, Christianna E",NEVER_VERIFIED,,
E032,Wahl,Wendi,"McIntyre, Kathryn E",NEVER_VERIFIED,,
E020,Waterloo,Courtney,"McIntyre, Kathryn E",NEVER_VERIFIED,,
E058,Wells,Jonathan,"Gjeltema, Kimberly K",NEVER_VERIFIED,,
E033,Westworth,Kelsey,"McIntyre, Kathryn E",NEVER_VERIFIED,,
E024,Wiese,John,"McIntyre, Kathryn E",NEVER_VERIFIED,,
E068,Williams,Kenneth,"Gjeltema, Kimberly K",NEVER_VERIFIED,,
E059,Wilson,Carrie,"Gjeltema, Kimberly K",NEVER_VERIFIED,,
E038,Wilson,Lynett,"McIntyre, Kathryn E",NEVER_VERIFIED,,
E006,Wolf,Meghan,"McIntyre, Kathryn E",NEVER_VERIFIED,,
E089,Worden,Joshua,"Hemenway, Bryan A",NEVER_VERIFIED,,
